sekunda,plama_px,plam,tlo_px,zapisana
0.2,0,0,51,0
0.5,0,0,0,0
0.8,0,0,274,0
1.0,0,0,0,0
1.2,0,0,0,0
1.5,0,0,0,0
1.8,0,0,216,0
2.0,0,0,0,0
2.2,0,0,0,0
2.5,0,0,0,0
2.8,0,0,93,0
3.0,0,0,0,0
3.2,0,0,0,0
3.5,0,0,0,0
3.8,0,0,347,0
4.0,0,0,0,0
4.2,0,0,0,0
4.5,0,0,0,0
4.8,0,0,245,0
5.0,0,0,0,0
5.2,0,0,0,0
5.5,0,0,0,0
5.8,0,0,209,0
6.0,0,0,0,0
6.2,0,0,0,0
6.5,0,0,0,0
6.8,0,0,132,0
7.0,0,0,0,0
7.2,0,0,0,0
7.5,0,0,0,0
7.8,0,0,242,0
8.0,0,0,0,0
8.2,0,0,0,0
8.5,0,0,0,0
8.8,0,0,241,0
9.0,0,0,0,0
9.2,0,0,0,0
9.5,274,6,0,1
9.8,298,4,95,1
10.0,0,0,0,0
10.2,0,0,0,0
10.5,0,0,0,0
10.8,0,0,275,0
11.0,0,0,0,0
11.2,0,0,0,0
11.5,0,0,0,0
11.8,0,0,217,0
12.0,0,0,0,0
12.2,0,0,0,0
12.5,0,0,0,0
12.8,0,0,86,0
13.0,0,0,0,0
13.2,0,0,0,0
13.5,0,0,0,0
13.8,0,0,272,0
14.0,0,0,0,0
14.2,0,0,0,0
14.5,0,0,0,0
14.8,0,0,248,0
15.0,0,0,0,0
15.2,0,0,0,0
15.5,0,0,0,0
15.8,0,0,217,0
16.0,0,0,0,0
16.2,0,0,0,0
16.5,0,0,0,0
16.8,0,0,135,0
17.0,0,0,0,0
17.2,0,0,0,0
17.5,0,0,0,0
17.8,0,0,244,0
18.0,0,0,0,0
18.2,0,0,0,0
18.5,0,0,0,0
18.8,0,0,241,0
19.0,0,0,0,0
19.2,0,0,0,0
19.5,0,0,0,0
19.8,0,0,94,0
20.0,0,0,0,0
20.2,0,0,0,0
20.5,0,0,0,0
20.8,0,0,277,0
21.0,0,0,0,0
21.2,0,0,0,0
21.5,0,0,0,0
21.8,0,0,213,0
22.0,0,0,0,0
22.2,0,0,0,0
22.5,0,0,0,0
22.8,0,0,94,0
23.0,0,0,0,0
23.2,0,0,0,0
23.5,0,0,0,0
23.8,0,0,371,0
24.0,0,0,0,0
24.2,0,0,0,0
24.5,0,0,0,0
24.8,0,0,251,0
25.0,0,0,0,0
25.2,0,0,0,0
25.5,0,0,0,0
25.8,0,0,210,0
26.0,0,0,0,0
26.2,0,0,0,0
26.5,0,0,0,0
26.8,0,0,132,0
27.0,0,0,0,0
27.2,0,0,0,0
27.5,0,0,0,0
27.8,0,0,234,0
28.0,0,0,0,0
28.2,0,0,0,0
28.5,0,0,0,0
28.8,0,0,242,0
29.0,0,0,0,0
29.2,0,0,0,0
29.5,0,0,0,0
29.8,0,0,94,0
30.0,0,0,0,0
30.2,0,0,0,0
30.5,0,0,0,0
30.8,0,0,271,0
31.0,0,0,0,0
31.2,0,0,0,0
31.5,0,0,0,0
31.8,0,0,213,0
32.0,0,0,0,0
32.2,0,0,0,0
32.5,0,0,0,0
32.8,0,0,91,0
33.0,0,0,0,0
33.2,0,0,0,0
33.5,0,0,0,0
33.8,0,0,364,0
34.0,0,0,0,0
34.2,0,0,0,0
34.5,0,0,0,0
34.8,0,0,248,0
35.0,0,0,0,0
35.2,0,0,0,0
35.5,0,0,0,0
35.8,0,0,212,0
36.0,0,0,0,0
36.2,0,0,0,0
36.5,0,0,0,0
36.8,0,0,136,0
37.0,0,0,0,0
37.2,0,0,0,0
37.5,0,0,0,0
37.8,0,0,245,0
38.0,0,0,0,0
38.2,0,0,0,0
38.5,0,0,0,0
38.8,0,0,244,0
39.0,0,0,0,0
39.2,0,0,0,0
39.5,0,0,0,0
39.8,0,0,87,0
40.0,0,0,0,0
40.2,0,0,0,0
40.5,0,0,0,0
40.8,0,0,271,0
41.0,0,0,0,0
41.2,0,0,0,0
41.5,0,0,0,0
41.8,0,0,221,0
42.0,0,0,0,0
42.2,0,0,0,0
42.5,0,0,0,0
42.8,0,0,93,0
43.0,0,0,0,0
43.2,0,0,0,0
43.5,0,0,0,0
43.8,0,0,589,0
44.0,0,0,0,0
44.2,0,0,0,0
44.5,0,0,0,0
44.8,0,0,248,0
45.0,0,0,0,0
45.2,0,0,0,0
45.5,0,0,0,0
45.8,0,0,208,0
46.0,0,0,0,0
46.2,0,0,0,0
46.5,0,0,0,0
46.8,0,0,135,0
47.0,0,0,0,0
47.2,0,0,0,0
47.5,0,0,0,0
47.8,0,0,247,0
48.0,0,0,0,0
48.2,0,0,0,0
48.5,0,0,0,0
48.8,0,0,235,0
49.0,0,0,0,0
49.2,0,0,0,0
49.5,0,0,0,0
49.8,0,0,94,0
50.0,0,0,0,0
50.2,0,0,0,0
50.5,0,0,0,0
50.8,0,0,272,0
51.0,0,0,0,0
51.2,0,0,0,0
51.5,0,0,0,0
51.8,0,0,215,0
52.0,0,0,0,0
52.2,0,0,0,0
52.5,0,0,0,0
52.8,0,0,84,0
53.0,0,0,0,0
53.2,0,0,0,0
53.5,0,0,0,0
53.8,0,0,377,0
54.0,0,0,0,0
54.2,0,0,0,0
54.5,0,0,0,0
54.8,0,0,251,0
55.0,0,0,0,0
55.2,0,0,0,0
55.5,0,0,0,0
55.8,0,0,208,0
56.0,0,0,0,0
56.2,0,0,0,0
56.5,0,0,0,0
56.8,0,0,134,0
57.0,0,0,0,0
57.2,0,0,0,0
57.5,0,0,0,0
57.8,0,0,247,0
58.0,0,0,0,0
58.2,0,0,0,0
58.5,0,0,0,0
58.8,0,0,243,0
59.0,0,0,0,0
59.2,0,0,0,0
59.5,0,0,0,0
59.8,0,0,94,0
60.0,0,0,0,0
60.2,0,0,0,0
60.5,0,0,0,0
60.8,0,0,276,0
61.0,0,0,0,0
61.2,0,0,0,0
61.5,0,0,0,0
61.8,0,0,213,0
62.0,0,0,0,0
62.2,0,0,0,0
62.5,0,0,0,0
62.8,0,0,84,0
63.0,0,0,0,0
63.2,0,0,0,0
63.5,0,0,0,0
63.8,0,0,339,0
64.0,0,0,0,0
64.2,0,0,0,0
64.5,0,0,0,0
64.8,0,0,247,0
65.0,0,0,0,0
65.2,0,0,0,0
65.5,0,0,0,0
65.8,0,0,211,0
66.0,0,0,0,0
66.2,0,0,0,0
66.5,0,0,0,0
66.8,0,0,130,0
67.0,0,0,0,0
67.2,0,0,0,0
67.5,0,0,0,0
67.8,0,0,242,0
68.0,0,0,0,0
68.2,0,0,0,0
68.5,0,0,0,0
68.8,0,0,245,0
69.0,0,0,0,0
69.2,0,0,0,0
69.5,0,0,0,0
69.8,0,0,97,0
70.0,0,0,0,0
70.2,0,0,0,0
70.5,0,0,0,0
70.8,0,0,277,0
71.0,0,0,0,0
71.2,0,0,0,0
71.5,0,0,0,0
71.8,0,0,219,0
72.0,0,0,0,0
72.2,0,0,0,0
72.5,0,0,0,0
72.8,0,0,86,0
73.0,0,0,0,0
73.2,0,0,0,0
73.5,0,0,0,0
73.8,0,0,269,0
74.0,0,0,0,0
74.2,0,0,0,0
74.5,0,0,0,0
74.8,0,0,245,0
75.0,0,0,0,0
75.2,0,0,0,0
75.5,0,0,0,0
75.8,0,0,211,0
76.0,0,0,0,0
76.2,0,0,0,0
76.5,0,0,0,0
76.8,0,0,134,0
77.0,0,0,0,0
77.2,0,0,0,0
77.5,0,0,0,0
77.8,0,0,240,0
78.0,0,0,0,0
78.2,0,0,0,0
78.5,0,0,0,0
78.8,0,0,243,0
79.0,0,0,0,0
79.2,0,0,0,0
79.5,0,0,0,0
79.8,0,0,97,0
80.0,0,0,0,0
80.2,0,0,0,0
80.5,0,0,0,0
80.8,0,0,269,0
81.0,0,0,0,0
81.2,0,0,0,0
81.5,0,0,0,0
81.8,0,0,213,0
82.0,0,0,0,0
82.2,0,0,0,0
82.5,0,0,0,0
82.8,0,0,91,0
83.0,0,0,0,0
83.2,0,0,0,0
83.5,0,0,0,0
83.8,0,0,374,0
84.0,0,0,0,0
84.2,0,0,0,0
84.5,0,0,0,0
84.8,0,0,252,0
85.0,0,0,0,0
85.2,0,0,0,0
85.5,0,0,0,0
85.8,0,0,211,0
86.0,0,0,0,0
86.2,0,0,0,0
86.5,0,0,0,0
86.8,0,0,130,0
87.0,0,0,0,0
87.2,0,0,0,0
87.5,0,0,0,0
87.8,0,0,237,0
88.0,0,0,0,0
88.2,0,0,0,0
88.5,0,0,0,0
88.8,0,0,241,0
89.0,0,0,0,0
89.2,0,0,0,0
89.5,0,0,0,0
89.8,0,0,95,0
90.0,0,0,0,0
90.2,0,0,0,0
90.5,0,0,0,0
90.8,0,0,273,0
91.0,0,0,0,0
91.2,0,0,0,0
91.5,0,0,0,0
91.8,0,0,211,0
92.0,0,0,0,0
92.2,0,0,0,0
92.5,0,0,0,0
92.8,0,0,87,0
93.0,0,0,0,0
93.2,0,0,0,0
93.5,0,0,0,0
93.8,0,0,366,0
94.0,0,0,0,0
94.2,0,0,0,0
94.5,0,0,0,0
94.8,0,0,245,0
95.0,0,0,0,0
95.2,0,0,0,0
95.5,0,0,0,0
95.8,0,0,210,0
96.0,0,0,0,0
96.2,0,0,0,0
96.5,0,0,0,0
96.8,0,0,125,0
97.0,0,0,0,0
97.2,0,0,0,0
97.5,0,0,0,0
97.8,0,0,245,0
98.0,0,0,0,0
98.2,0,0,0,0
98.5,0,0,0,0
98.8,0,0,236,0
99.0,0,0,0,0
99.2,0,0,0,0
99.5,0,0,0,0
99.8,0,0,97,0
100.0,0,0,0,0
100.2,0,0,0,0
100.5,0,0,0,0
100.8,0,0,269,0
101.0,0,0,0,0
101.2,0,0,0,0
101.5,0,0,0,0
101.8,0,0,205,0
102.0,0,0,0,0
102.2,0,0,0,0
102.5,0,0,0,0
102.8,0,0,91,0
103.0,0,0,0,0
103.2,0,0,0,0
103.5,0,0,0,0
103.8,0,0,579,0
104.0,0,0,0,0
104.2,0,0,0,0
104.5,0,0,0,0
104.8,0,0,253,0
105.0,0,0,0,0
105.2,0,0,0,0
105.5,0,0,0,0
105.8,0,0,210,0
106.0,0,0,0,0
106.2,0,0,0,0
106.5,0,0,0,0
106.8,0,0,133,0
107.0,0,0,0,0
107.2,0,0,0,0
107.5,0,0,0,0
107.8,0,0,241,0
108.0,0,0,0,0
108.2,0,0,0,0
108.5,0,0,0,0
108.8,0,0,235,0
109.0,0,0,0,0
109.2,0,0,0,0
109.5,0,0,0,0
109.8,0,0,94,0
110.0,0,0,0,0
110.2,0,0,0,0
110.5,0,0,0,0
110.8,0,0,272,0
111.0,0,0,0,0
111.2,0,0,0,0
111.5,0,0,0,0
111.8,0,0,215,0
112.0,0,0,0,0
112.2,0,0,0,0
112.5,0,0,0,0
112.8,0,0,94,0
113.0,0,0,0,0
113.2,0,0,0,0
113.5,0,0,0,0
113.8,0,0,388,0
114.0,0,0,0,0
114.2,0,0,0,0
114.5,0,0,0,0
114.8,0,0,250,0
115.0,0,0,0,0
115.2,0,0,0,0
115.5,0,0,0,0
115.8,0,0,212,0
116.0,0,0,0,0
116.2,0,0,0,0
116.5,0,0,0,0
116.8,0,0,130,0
117.0,0,0,0,0
117.2,1718,1,0,1
117.5,1714,2,0,1
117.8,150,1,239,1
118.0,0,0,0,0
118.2,0,0,0,0
118.5,0,0,0,0
118.8,0,0,241,0
119.0,0,0,0,0
119.2,0,0,0,0
119.5,0,0,0,0
119.8,0,0,92,0
120.0,0,0,0,0
120.2,0,0,0,0
120.5,0,0,0,0
120.8,0,0,273,0
121.0,0,0,0,0
121.2,0,0,0,0
121.5,0,0,0,0
121.8,0,0,211,0
122.0,0,0,896,0
122.2,0,0,903,0
122.5,0,0,0,0
122.8,0,0,91,0
123.0,0,0,0,0
123.2,0,0,0,0
123.5,0,0,0,0
123.8,0,0,339,0
124.0,0,0,0,0
124.2,0,0,0,0
124.5,0,0,0,0
124.8,0,0,246,0
125.0,0,0,0,0
125.2,0,0,0,0
125.5,0,0,0,0
125.8,0,0,211,0
126.0,0,0,0,0
126.2,0,0,0,0
126.5,0,0,0,0
126.8,0,0,130,0
127.0,0,0,0,0
127.2,0,0,0,0
127.5,0,0,0,0
127.8,0,0,247,0
128.0,0,0,0,0
128.2,0,0,0,0
128.5,0,0,0,0
128.8,0,0,242,0
129.0,0,0,0,0
129.2,0,0,0,0
129.5,0,0,0,0
129.8,0,0,95,0
130.0,0,0,0,0
130.2,0,0,0,0
130.5,0,0,0,0
130.8,0,0,276,0
131.0,0,0,0,0
131.2,0,0,0,0
131.5,0,0,0,0
131.8,0,0,211,0
132.0,0,0,0,0
132.2,0,0,0,0
132.5,0,0,0,0
132.8,0,0,93,0
133.0,0,0,0,0
133.2,0,0,0,0
133.5,0,0,0,0
133.8,237,2,262,1
134.0,224,2,0,1
134.2,0,0,0,0
134.5,0,0,0,0
134.8,0,0,253,0
135.0,0,0,0,0
135.2,0,0,0,0
135.5,0,0,0,0
135.8,0,0,211,0
136.0,0,0,0,0
136.2,0,0,0,0
136.5,0,0,0,0
136.8,0,0,130,0
137.0,0,0,0,0
137.2,0,0,0,0
137.5,0,0,0,0
137.8,0,0,243,0
138.0,0,0,0,0
138.2,0,0,0,0
138.5,0,0,0,0
138.8,0,0,233,0
139.0,0,0,0,0
139.2,0,0,0,0
139.5,0,0,0,0
139.8,0,0,95,0
140.0,0,0,0,0
140.2,0,0,0,0
140.5,0,0,0,0
140.8,0,0,269,0
141.0,0,0,0,0
141.2,0,0,0,0
141.5,0,0,0,0
141.8,0,0,213,0
142.0,0,0,0,0
142.2,0,0,0,0
142.5,0,0,0,0
142.8,0,0,86,0
143.0,0,0,0,0
143.2,0,0,0,0
143.5,0,0,0,0
143.8,0,0,376,0
144.0,0,0,0,0
144.2,0,0,0,0
144.5,0,0,0,0
144.8,0,0,252,0
145.0,0,0,0,0
145.2,0,0,0,0
145.5,0,0,0,0
145.8,0,0,211,0
146.0,0,0,0,0
146.2,0,0,0,0
146.5,0,0,0,0
146.8,0,0,136,0
147.0,0,0,0,0
147.2,0,0,0,0
147.5,0,0,0,0
147.8,0,0,245,0
148.0,0,0,0,0
148.2,0,0,0,0
148.5,0,0,0,0
148.8,0,0,233,0
149.0,0,0,0,0
149.2,0,0,0,0
149.5,0,0,0,0
149.8,0,0,95,0
150.0,0,0,0,0
150.2,0,0,0,0
150.5,0,0,0,0
150.8,0,0,274,0
151.0,0,0,0,0
151.2,0,0,0,0
151.5,0,0,0,0
151.8,0,0,214,0
152.0,0,0,0,0
152.2,0,0,0,0
152.5,0,0,0,0
152.8,0,0,93,0
153.0,0,0,0,0
153.2,0,0,0,0
153.5,0,0,0,0
153.8,0,0,377,0
154.0,0,0,0,0
154.2,0,0,0,0
154.5,0,0,0,0
154.8,0,0,245,0
155.0,0,0,0,0
155.2,0,0,0,0
155.5,0,0,0,0
155.8,0,0,209,0
156.0,0,0,0,0
156.2,0,0,0,0
156.5,0,0,0,0
156.8,0,0,136,0
157.0,0,0,0,0
157.2,0,0,0,0
157.5,0,0,0,0
157.8,0,0,246,0
158.0,0,0,0,0
158.2,0,0,0,0
158.5,0,0,0,0
158.8,0,0,252,0
159.0,0,0,0,0
159.2,0,0,0,0
159.5,0,0,0,0
159.8,0,0,97,0
160.0,0,0,0,0
160.2,0,0,0,0
160.5,0,0,0,0
160.8,0,0,272,0
161.0,0,0,0,0
161.2,0,0,0,0
161.5,0,0,0,0
161.8,0,0,214,0
162.0,0,0,0,0
162.2,0,0,0,0
162.5,0,0,0,0
162.8,0,0,84,0
163.0,0,0,0,0
163.2,0,0,0,0
163.5,0,0,0,0
163.8,0,0,528,0
164.0,0,0,0,0
164.2,0,0,0,0
164.5,0,0,0,0
164.8,0,0,248,0
165.0,0,0,0,0
165.2,0,0,0,0
165.5,0,0,0,0
165.8,0,0,214,0
166.0,0,0,0,0
166.2,0,0,0,0
166.5,0,0,0,0
166.8,0,0,137,0
167.0,0,0,0,0
167.2,0,0,0,0
167.5,0,0,0,0
167.8,0,0,238,0
168.0,0,0,0,0
168.2,0,0,0,0
168.5,0,0,0,0
168.8,0,0,240,0
169.0,0,0,0,0
169.2,0,0,0,0
169.5,0,0,0,0
169.8,0,0,97,0
170.0,0,0,0,0
170.2,0,0,0,0
170.5,0,0,0,0
170.8,0,0,272,0
171.0,0,0,0,0
171.2,0,0,0,0
171.5,0,0,0,0
171.8,0,0,219,0
172.0,0,0,0,0
172.2,0,0,0,0
172.5,0,0,0,0
172.8,0,0,86,0
173.0,0,0,0,0
173.2,0,0,0,0
173.5,0,0,0,0
173.8,0,0,382,0
174.0,0,0,0,0
174.2,0,0,0,0
174.5,0,0,0,0
174.8,0,0,254,0
175.0,0,0,0,0
175.2,0,0,0,0
175.5,0,0,0,0
175.8,0,0,208,0
176.0,0,0,0,0
176.2,0,0,0,0
176.5,0,0,0,0
176.8,0,0,131,0
177.0,0,0,0,0
177.2,0,0,0,0
177.5,0,0,0,0
177.8,0,0,244,0
178.0,0,0,0,0
178.2,0,0,0,0
178.5,0,0,0,0
178.8,0,0,241,0
179.0,0,0,0,0
179.2,0,0,0,0
179.5,0,0,0,0
179.8,0,0,94,0
180.0,0,0,0,0
180.2,0,0,0,0
180.5,0,0,0,0
180.8,0,0,273,0
181.0,0,0,0,0
181.2,0,0,0,0
181.5,0,0,0,0
181.8,0,0,217,0
182.0,0,0,0,0
182.2,0,0,0,0
182.5,0,0,0,0
182.8,0,0,86,0
183.0,0,0,0,0
183.2,0,0,0,0
183.5,0,0,0,0
183.8,0,0,347,0
184.0,0,0,0,0
184.2,0,0,0,0
184.5,0,0,0,0
184.8,0,0,253,0
185.0,0,0,0,0
185.2,0,0,0,0
185.5,0,0,0,0
185.8,0,0,206,0
186.0,0,0,0,0
186.2,0,0,0,0
186.5,0,0,0,0
186.8,0,0,126,0
187.0,0,0,0,0
187.2,0,0,0,0
187.5,0,0,0,0
187.8,0,0,243,0
188.0,0,0,0,0
188.2,0,0,0,0
188.5,0,0,0,0
188.8,0,0,247,0
189.0,0,0,0,0
189.2,0,0,0,0
189.5,0,0,0,0
189.8,0,0,95,0
190.0,0,0,0,0
190.2,0,0,0,0
190.5,0,0,0,0
190.8,0,0,272,0
191.0,0,0,0,0
191.2,0,0,0,0
191.5,0,0,0,0
191.8,0,0,217,0
192.0,0,0,0,0
192.2,0,0,0,0
192.5,0,0,0,0
192.8,0,0,93,0
193.0,0,0,0,0
193.2,0,0,0,0
193.5,0,0,0,0
193.8,0,0,272,0
194.0,0,0,0,0
194.2,0,0,0,0
194.5,0,0,0,0
194.8,0,0,252,0
195.0,0,0,0,0
195.2,0,0,0,0
195.5,0,0,0,0
195.8,0,0,210,0
196.0,0,0,0,0
196.2,0,0,0,0
196.5,0,0,0,0
196.8,0,0,134,0
197.0,0,0,0,0
197.2,0,0,0,0
197.5,0,0,0,0
197.8,0,0,242,0
198.0,0,0,0,0
198.2,0,0,0,0
198.5,0,0,0,0
198.8,0,0,239,0
199.0,0,0,0,0
199.2,0,0,0,0
199.5,0,0,0,0
199.8,0,0,95,0
200.0,0,0,0,0
200.2,0,0,0,0
200.5,0,0,0,0
200.8,0,0,269,0
201.0,0,0,0,0
201.2,0,0,0,0
201.5,0,0,0,0
201.8,0,0,215,0
202.0,0,0,0,0
202.2,0,0,0,0
202.5,0,0,0,0
202.8,0,0,91,0
203.0,0,0,0,0
203.2,0,0,0,0
203.5,0,0,0,0
203.8,0,0,378,0
204.0,0,0,0,0
204.2,0,0,0,0
204.5,0,0,0,0
204.8,0,0,246,0
205.0,0,0,0,0
205.2,0,0,0,0
205.5,0,0,0,0
205.8,0,0,209,0
206.0,0,0,0,0
206.2,0,0,0,0
206.5,0,0,0,0
206.8,0,0,135,0
207.0,0,0,0,0
207.2,0,0,0,0
207.5,0,0,0,0
207.8,0,0,246,0
208.0,0,0,0,0
208.2,0,0,0,0
208.5,0,0,0,0
208.8,0,0,239,0
209.0,0,0,0,0
209.2,0,0,0,0
209.5,0,0,0,0
209.8,0,0,94,0
210.0,0,0,0,0
210.2,0,0,0,0
210.5,0,0,0,0
210.8,0,0,276,0
211.0,0,0,0,0
211.2,0,0,0,0
211.5,0,0,0,0
211.8,0,0,215,0
212.0,0,0,0,0
212.2,0,0,0,0
212.5,0,0,0,0
212.8,0,0,86,0
213.0,0,0,0,0
213.2,0,0,0,0
213.5,0,0,0,0
213.8,0,0,379,0
214.0,0,0,0,0
214.2,0,0,0,0
214.5,0,0,0,0
214.8,0,0,247,0
215.0,0,0,0,0
215.2,0,0,0,0
215.5,0,0,0,0
215.8,0,0,212,0
216.0,0,0,0,0
216.2,0,0,0,0
216.5,0,0,0,0
216.8,0,0,134,0
217.0,0,0,0,0
217.2,0,0,0,0
217.5,0,0,0,0
217.8,0,0,252,0
218.0,0,0,0,0
218.2,0,0,0,0
218.5,0,0,0,0
218.8,0,0,245,0
219.0,0,0,0,0
219.2,0,0,0,0
219.5,0,0,0,0
219.8,2082,20,97,1
220.0,0,0,0,0
220.2,0,0,0,0
220.5,0,0,0,0
220.8,0,0,274,0
221.0,0,0,0,0
221.2,0,0,0,0
221.5,0,0,0,0
221.8,0,0,220,0
222.0,0,0,0,0
222.2,0,0,0,0
222.5,0,0,0,0
222.8,0,0,93,0
223.0,0,0,0,0
223.2,0,0,0,0
223.5,0,0,0,0
223.8,0,0,469,0
224.0,118,13,0,0
224.2,0,0,0,0
224.5,0,0,0,0
224.8,0,0,248,0
225.0,0,0,0,0
225.2,0,0,0,0
225.5,0,0,0,0
225.8,0,0,217,0
226.0,0,0,0,0
226.2,0,0,0,0
226.5,0,0,0,0
226.8,0,0,133,0
227.0,0,0,0,0
227.2,0,0,0,0
227.5,0,0,0,0
227.8,0,0,244,0
228.0,0,0,0,0
228.2,2750,27,0,1
228.5,0,0,0,0
228.8,0,0,249,0
229.0,0,0,0,0
229.2,0,0,0,0
229.5,0,0,0,0
229.8,0,0,94,0
230.0,0,0,0,0
230.2,0,0,0,0
230.5,0,0,0,0
230.8,0,0,273,0
231.0,0,0,0,0
231.2,0,0,0,0
231.5,0,0,0,0
231.8,0,0,210,0
232.0,0,0,0,0
232.2,0,0,0,0
232.5,0,0,0,0
232.8,0,0,93,0
233.0,399,10,0,1
233.2,0,0,0,0
233.5,0,0,0,0
233.8,0,0,379,0
234.0,0,0,0,0
234.2,0,0,0,0
234.5,0,0,0,0
234.8,0,0,249,0
235.0,0,0,0,0
235.2,0,0,0,0
235.5,0,0,0,0
235.8,0,0,208,0
236.0,0,0,0,0
236.2,0,0,0,0
236.5,0,0,0,0
236.8,0,0,133,0
237.0,0,0,0,0
237.2,0,0,0,0
237.5,0,0,0,0
237.8,0,0,234,0
238.0,0,0,0,0
238.2,0,0,0,0
238.5,0,0,0,0
238.8,25,1,238,0
239.0,0,0,0,0
239.2,0,0,0,0
239.5,0,0,0,0
239.8,0,0,93,0
240.0,0,0,0,0
240.2,0,0,0,0
240.5,0,0,0,0
240.8,0,0,270,0
241.0,0,0,0,0
241.2,0,0,0,0
241.5,0,0,0,0
241.8,0,0,216,0
242.0,0,0,0,0
242.2,0,0,0,0
242.5,0,0,0,0
242.8,0,0,93,0
243.0,0,0,0,0
243.2,0,0,0,0
243.5,0,0,0,0
243.8,0,0,335,0
244.0,0,0,0,0
244.2,0,0,0,0
244.5,0,0,0,0
244.8,0,0,247,0
245.0,0,0,0,0
245.2,0,0,0,0
245.5,0,0,0,0
245.8,0,0,207,0
246.0,0,0,0,0
246.2,0,0,0,0
246.5,0,0,0,0
246.8,0,0,128,0
247.0,0,0,0,0
247.2,0,0,0,0
247.5,0,0,0,0
247.8,0,0,233,0
248.0,0,0,0,0
248.2,0,0,0,0
248.5,0,0,0,0
248.8,0,0,240,0
249.0,0,0,0,0
249.2,0,0,0,0
249.5,0,0,0,0
249.8,0,0,94,0
250.0,0,0,0,0
250.2,0,0,0,0
250.5,0,0,0,0
250.8,0,0,0,0
251.0,0,0,273,0
251.2,0,0,0,0
251.5,0,0,0,0
251.8,0,0,0,0
252.0,0,0,215,0
252.2,0,0,0,0
252.5,0,0,0,0
252.8,0,0,0,0
253.0,0,0,87,0
253.2,0,0,0,0
253.5,0,0,0,0
253.8,0,0,0,0
254.0,0,0,267,0
254.2,0,0,0,0
254.5,0,0,0,0
254.8,0,0,0,0
255.0,0,0,248,0
255.2,0,0,0,0
255.5,0,0,0,0
255.8,0,0,0,0
256.0,0,0,213,0
256.2,0,0,0,0
256.5,0,0,0,0
256.8,0,0,0,0
257.0,0,0,133,0
257.2,0,0,0,0
257.5,0,0,0,0
257.8,0,0,0,0
258.0,0,0,235,0
258.2,0,0,0,0
258.5,0,0,0,0
258.8,0,0,0,0
259.0,0,0,236,0
259.2,0,0,0,0
259.5,0,0,0,0
259.8,0,0,0,0
260.0,0,0,94,0
260.2,0,0,0,0
260.5,0,0,0,0
260.8,0,0,0,0
261.0,0,0,273,0
261.2,0,0,0,0
261.5,0,0,0,0
261.8,0,0,0,0
262.0,0,0,221,0
262.2,0,0,0,0
262.5,0,0,0,0
262.8,0,0,0,0
263.0,0,0,88,0
263.2,0,0,0,0
263.5,0,0,0,0
263.8,0,0,0,0
264.0,0,0,369,0
264.2,0,0,0,0
264.5,0,0,0,0
264.8,0,0,0,0
265.0,0,0,241,0
265.2,0,0,0,0
265.5,0,0,0,0
265.8,0,0,0,0
266.0,0,0,213,0
266.2,0,0,0,0
266.5,0,0,0,0
266.8,0,0,0,0
267.0,0,0,127,0
267.2,0,0,0,0
267.5,0,0,0,0
267.8,0,0,0,0
268.0,0,0,231,0
268.2,0,0,0,0
268.5,0,0,0,0
268.8,0,0,0,0
269.0,0,0,235,0
269.2,0,0,0,0
269.5,0,0,0,0
269.8,0,0,0,0
270.0,0,0,92,0
270.2,0,0,0,0
270.5,0,0,0,0
270.8,0,0,0,0
271.0,0,0,273,0
271.2,0,0,0,0
271.5,0,0,0,0
271.8,0,0,0,0
272.0,0,0,215,0
272.2,0,0,0,0
272.5,0,0,0,0
272.8,0,0,0,0
273.0,0,0,91,0
273.2,0,0,0,0
273.5,0,0,0,0
273.8,0,0,0,0
274.0,0,0,375,0
274.2,0,0,0,0
274.5,0,0,0,0
274.8,0,0,0,0
275.0,0,0,246,0
275.2,0,0,0,0
275.5,0,0,0,0
275.8,0,0,0,0
276.0,0,0,208,0
276.2,0,0,0,0
276.5,0,0,0,0
276.8,0,0,0,0
277.0,0,0,130,0
277.2,0,0,0,0
277.5,0,0,0,0
277.8,0,0,0,0
278.0,0,0,246,0
278.2,0,0,0,0
278.5,0,0,0,0
278.8,0,0,0,0
279.0,0,0,239,0
279.2,0,0,0,0
279.5,0,0,0,0
279.8,0,0,0,0
280.0,0,0,94,0
280.2,0,0,0,0
280.5,0,0,0,0
280.8,0,0,0,0
281.0,0,0,273,0
281.2,0,0,0,0
281.5,108,1,0,0
281.8,107,2,0,0
282.0,47,1,211,0
282.2,0,0,0,0
282.5,0,0,0,0
282.8,0,0,0,0
283.0,0,0,88,0
283.2,0,0,0,0
283.5,0,0,0,0
283.8,0,0,0,0
284.0,0,0,555,0
284.2,0,0,0,0
284.5,0,0,0,0
284.8,0,0,0,0
285.0,0,0,244,0
285.2,0,0,0,0
285.5,0,0,0,0
285.8,0,0,0,0
286.0,0,0,212,0
286.2,0,0,0,0
286.5,0,0,0,0
286.8,0,0,0,0
287.0,0,0,130,0
287.2,0,0,0,0
287.5,0,0,0,0
287.8,0,0,0,0
288.0,0,0,247,0
288.2,0,0,0,0
288.5,0,0,0,0
288.8,0,0,0,0
289.0,0,0,239,0
289.2,0,0,0,0
289.5,0,0,0,0
289.8,0,0,0,0
290.0,0,0,94,0
290.2,0,0,0,0
290.5,0,0,0,0
290.8,0,0,0,0
291.0,0,0,268,0
291.2,0,0,0,0
291.5,0,0,0,0
291.8,0,0,0,0
292.0,0,0,213,0
292.2,0,0,0,0
292.5,0,0,0,0
292.8,0,0,0,0
293.0,0,0,94,0
293.2,0,0,0,0
293.5,0,0,0,0
293.8,0,0,0,0
294.0,0,0,388,0
294.2,0,0,0,0
294.5,0,0,0,0
294.8,0,0,0,0
295.0,0,0,243,0
295.2,0,0,0,0
295.5,0,0,0,0
295.8,0,0,0,0
296.0,0,0,210,0
296.2,0,0,0,0
296.5,0,0,0,0
296.8,0,0,0,0
297.0,0,0,133,0
297.2,0,0,0,0
297.5,0,0,0,0
297.8,0,0,0,0
298.0,0,0,243,0
298.2,0,0,0,0
298.5,0,0,0,0
298.8,0,0,236,0
299.0,0,0,0,0
299.2,0,0,0,0
299.5,0,0,0,0
299.8,0,0,92,0
300.0,0,0,0,0
300.2,0,0,0,0
300.5,0,0,0,0
300.8,0,0,272,0
301.0,0,0,0,0
301.2,0,0,0,0
301.5,0,0,0,0
301.8,0,0,218,0
302.0,0,0,0,0
302.2,0,0,0,0
302.5,0,0,0,0
302.8,0,0,88,0
303.0,99,4,0,0
303.2,98,4,0,0
303.5,0,0,0,0
303.8,0,0,342,0
304.0,0,0,0,0
304.2,0,0,0,0
304.5,0,0,0,0
304.8,0,0,250,0
305.0,0,0,0,0
305.2,0,0,0,0
305.5,0,0,0,0
305.8,0,0,205,0
306.0,0,0,0,0
306.2,0,0,0,0
306.5,0,0,0,0
306.8,0,0,133,0
307.0,0,0,0,0
307.2,0,0,0,0
307.5,0,0,0,0
307.8,0,0,241,0
308.0,0,0,0,0
308.2,0,0,0,0
308.5,0,0,0,0
308.8,0,0,244,0
309.0,0,0,0,0
309.2,0,0,0,0
309.5,0,0,0,0
309.8,0,0,92,0
310.0,0,0,0,0
310.2,0,0,0,0
310.5,0,0,0,0
310.8,0,0,271,0
311.0,0,0,0,0
311.2,0,0,0,0
311.5,0,0,0,0
311.8,0,0,215,0
312.0,0,0,0,0
312.2,0,0,0,0
312.5,0,0,0,0
312.8,0,0,93,0
313.0,0,0,0,0
313.2,0,0,0,0
313.5,0,0,0,0
313.8,0,0,269,0
314.0,0,0,0,0
314.2,0,0,0,0
314.5,0,0,0,0
314.8,0,0,243,0
315.0,0,0,0,0
315.2,0,0,0,0
315.5,0,0,0,0
315.8,0,0,206,0
316.0,0,0,0,0
316.2,0,0,0,0
316.5,0,0,0,0
316.8,0,0,132,0
317.0,0,0,0,0
317.2,0,0,0,0
317.5,0,0,0,0
317.8,0,0,238,0
318.0,0,0,0,0
318.2,0,0,0,0
318.5,0,0,0,0
318.8,0,0,240,0
319.0,0,0,0,0
319.2,0,0,0,0
319.5,0,0,0,0
319.8,0,0,97,0
320.0,0,0,0,0
320.2,0,0,0,0
320.5,0,0,0,0
320.8,0,0,272,0
321.0,0,0,0,0
321.2,0,0,0,0
321.5,0,0,0,0
321.8,0,0,214,0
322.0,0,0,0,0
322.2,0,0,0,0
322.5,0,0,0,0
322.8,0,0,93,0
323.0,0,0,0,0
323.2,0,0,0,0
323.5,0,0,0,0
323.8,0,0,372,0
324.0,0,0,0,0
324.2,0,0,0,0
324.5,0,0,0,0
324.8,0,0,246,0
325.0,0,0,0,0
325.2,0,0,0,0
325.5,0,0,0,0
325.8,0,0,211,0
326.0,0,0,0,0
326.2,0,0,0,0
326.5,0,0,0,0
326.8,0,0,130,0
327.0,0,0,0,0
327.2,0,0,0,0
327.5,0,0,0,0
327.8,0,0,240,0
328.0,0,0,0,0
328.2,0,0,0,0
328.5,0,0,0,0
328.8,0,0,237,0
329.0,0,0,0,0
329.2,0,0,0,0
329.5,0,0,0,0
329.8,0,0,95,0
330.0,0,0,0,0
330.2,0,0,0,0
330.5,0,0,0,0
330.8,0,0,274,0
331.0,0,0,0,0
331.2,0,0,0,0
331.5,0,0,0,0
331.8,0,0,213,0
332.0,0,0,0,0
332.2,0,0,0,0
332.5,0,0,0,0
332.8,0,0,89,0
333.0,0,0,0,0
333.2,0,0,0,0
333.5,0,0,0,0
333.8,0,0,367,0
334.0,0,0,0,0
334.2,0,0,0,0
334.5,0,0,0,0
334.8,0,0,241,0
335.0,0,0,0,0
335.2,0,0,0,0
335.5,0,0,0,0
335.8,0,0,211,0
336.0,0,0,0,0
336.2,0,0,0,0
336.5,0,0,0,0
336.8,0,0,133,0
337.0,0,0,0,0
337.2,0,0,0,0
337.5,0,0,0,0
337.8,0,0,243,0
338.0,0,0,0,0
338.2,0,0,0,0
338.5,0,0,0,0
338.8,0,0,232,0
339.0,0,0,0,0
339.2,0,0,0,0
339.5,0,0,0,0
339.8,0,0,95,0
340.0,0,0,0,0
340.2,0,0,0,0
340.5,0,0,0,0
340.8,0,0,272,0
341.0,0,0,0,0
341.2,0,0,0,0
341.5,0,0,0,0
341.8,0,0,214,0
342.0,0,0,0,0
342.2,0,0,0,0
342.5,0,0,0,0
342.8,0,0,89,0
343.0,0,0,0,0
343.2,0,0,0,0
343.5,0,0,0,0
343.8,0,0,545,0
344.0,0,0,0,0
344.2,0,0,0,0
344.5,0,0,0,0
344.8,0,0,250,0
345.0,0,0,0,0
345.2,0,0,0,0
345.5,0,0,0,0
345.8,0,0,207,0
346.0,0,0,0,0
346.2,0,0,0,0
346.5,0,0,0,0
346.8,0,0,131,0
347.0,0,0,0,0
347.2,0,0,0,0
347.5,0,0,0,0
347.8,0,0,237,0
348.0,0,0,0,0
348.2,0,0,0,0
348.5,0,0,0,0
348.8,0,0,231,0
349.0,0,0,0,0
349.2,0,0,0,0
349.5,0,0,0,0
349.8,0,0,95,0
350.0,0,0,0,0
350.2,0,0,0,0
350.5,0,0,0,0
350.8,0,0,271,0
351.0,0,0,0,0
351.2,0,0,0,0
351.5,0,0,0,0
351.8,0,0,217,0
352.0,0,0,0,0
352.2,0,0,0,0
352.5,0,0,0,0
352.8,0,0,89,0
353.0,0,0,0,0
353.2,0,0,0,0
353.5,0,0,0,0
353.8,0,0,383,0
354.0,0,0,0,0
354.2,0,0,0,0
354.5,0,0,0,0
354.8,0,0,254,0
355.0,0,0,0,0
355.2,0,0,0,0
355.5,0,0,0,0
355.8,0,0,205,0
356.0,0,0,0,0
356.2,0,0,0,0
356.5,0,0,0,0
356.8,0,0,132,0
357.0,0,0,0,0
357.2,0,0,0,0
357.5,0,0,0,0
357.8,0,0,247,0
358.0,0,0,0,0
358.2,0,0,0,0
358.5,0,0,0,0
358.8,0,0,243,0
359.0,0,0,0,0
359.2,0,0,0,0
359.5,0,0,0,0
359.8,0,0,95,0
360.0,0,0,0,0
360.2,0,0,0,0
360.5,0,0,0,0
360.8,0,0,273,0
361.0,0,0,0,0
361.2,0,0,0,0
361.5,0,0,0,0
361.8,0,0,211,0
362.0,0,0,0,0
362.2,0,0,0,0
362.5,0,0,0,0
362.8,0,0,93,0
363.0,0,0,0,0
363.2,0,0,0,0
363.5,0,0,0,0
363.8,0,0,333,0
364.0,0,0,0,0
364.2,0,0,0,0
364.5,0,0,0,0
364.8,0,0,245,0
365.0,0,0,0,0
365.2,0,0,0,0
365.5,0,0,0,0
365.8,0,0,210,0
366.0,0,0,0,0
366.2,0,0,0,0
366.5,0,0,0,0
366.8,0,0,131,0
367.0,0,0,0,0
367.2,0,0,0,0
367.5,17,1,0,0
367.8,24,1,240,0
368.0,0,0,0,0
368.2,0,0,0,0
368.5,0,0,0,0
368.8,0,0,232,0
369.0,0,0,0,0
369.2,0,0,0,0
369.5,0,0,0,0
369.8,0,0,94,0
370.0,0,0,0,0
370.2,0,0,0,0
370.5,0,0,0,0
370.8,0,0,274,0
371.0,0,0,0,0
371.2,0,0,0,0
371.5,0,0,0,0
371.8,0,0,204,0
372.0,0,0,0,0
372.2,0,0,0,0
372.5,0,0,0,0
372.8,0,0,94,0
373.0,0,0,0,0
373.2,0,0,0,0
373.5,0,0,0,0
373.8,0,0,267,0
374.0,0,0,0,0
374.2,0,0,0,0
374.5,0,0,0,0
374.8,0,0,247,0
375.0,0,0,0,0
375.2,0,0,0,0
375.5,0,0,0,0
375.8,0,0,208,0
376.0,0,0,0,0
376.2,0,0,0,0
376.5,0,0,0,0
376.8,0,0,132,0
377.0,0,0,0,0
377.2,0,0,0,0
377.5,0,0,0,0
377.8,0,0,244,0
378.0,0,0,0,0
378.2,0,0,0,0
378.5,0,0,0,0
378.8,0,0,235,0
379.0,0,0,0,0
379.2,0,0,0,0
379.5,0,0,0,0
379.8,0,0,94,0
380.0,0,0,0,0
380.2,0,0,0,0
380.5,0,0,0,0
380.8,0,0,270,0
381.0,0,0,0,0
381.2,0,0,0,0
381.5,0,0,0,0
381.8,0,0,211,0
382.0,0,0,0,0
382.2,0,0,0,0
382.5,0,0,0,0
382.8,0,0,93,0
383.0,0,0,0,0
383.2,0,0,0,0
383.5,0,0,0,0
383.8,0,0,372,0
384.0,0,0,0,0
384.2,0,0,0,0
384.5,0,0,0,0
384.8,0,0,247,0
385.0,0,0,0,0
385.2,0,0,0,0
385.5,0,0,0,0
385.8,0,0,209,0
386.0,0,0,0,0
386.2,0,0,0,0
386.5,0,0,0,0
386.8,0,0,131,0
387.0,0,0,0,0
387.2,0,0,0,0
387.5,0,0,0,0
387.8,0,0,247,0
388.0,0,0,0,0
388.2,0,0,0,0
388.5,0,0,0,0
388.8,0,0,234,0
389.0,0,0,0,0
389.2,0,0,0,0
389.5,0,0,0,0
389.8,0,0,92,0
390.0,0,0,0,0
390.2,0,0,0,0
390.5,0,0,0,0
390.8,0,0,270,0
391.0,0,0,0,0
391.2,0,0,0,0
391.5,0,0,0,0
391.8,0,0,217,0
392.0,0,0,0,0
392.2,0,0,0,0
392.5,0,0,0,0
392.8,0,0,93,0
393.0,0,0,0,0
393.2,0,0,0,0
393.5,0,0,0,0
393.8,0,0,377,0
394.0,0,0,0,0
394.2,0,0,0,0
394.5,0,0,0,0
394.8,0,0,247,0
395.0,0,0,0,0
395.2,0,0,0,0
395.5,0,0,0,0
395.8,0,0,208,0
396.0,0,0,0,0
396.2,0,0,0,0
396.5,0,0,0,0
396.8,0,0,128,0
397.0,0,0,0,0
397.2,0,0,0,0
397.5,0,0,0,0
397.8,0,0,247,0
398.0,0,0,0,0
398.2,0,0,0,0
398.5,0,0,0,0
398.8,0,0,237,0
399.0,0,0,0,0
399.2,0,0,0,0
399.5,0,0,0,0
399.8,0,0,92,0
400.0,0,0,0,0
400.2,0,0,0,0
400.5,0,0,0,0
400.8,0,0,273,0
401.0,0,0,0,0
401.2,0,0,0,0
401.5,0,0,0,0
401.8,0,0,211,0
402.0,0,0,0,0
402.2,0,0,0,0
402.5,0,0,0,0
402.8,0,0,93,0
403.0,0,0,0,0
403.2,0,0,0,0
403.5,0,0,0,0
403.8,0,0,410,0
404.0,0,0,0,0
404.2,0,0,0,0
404.5,0,0,0,0
404.8,0,0,252,0
405.0,0,0,0,0
405.2,0,0,0,0
405.5,0,0,0,0
405.8,0,0,212,0
406.0,0,0,0,0
406.2,0,0,0,0
406.5,0,0,0,0
406.8,0,0,132,0
407.0,0,0,0,0
407.2,0,0,0,0
407.5,0,0,0,0
407.8,0,0,237,0
408.0,0,0,0,0
408.2,0,0,0,0
408.5,0,0,0,0
408.8,0,0,241,0
409.0,0,0,0,0
409.2,0,0,0,0
409.5,0,0,0,0
409.8,0,0,94,0
410.0,0,0,0,0
410.2,0,0,0,0
410.5,0,0,0,0
410.8,0,0,276,0
411.0,0,0,0,0
411.2,0,0,0,0
411.5,0,0,0,0
411.8,0,0,205,0
412.0,0,0,0,0
412.2,0,0,0,0
412.5,0,0,0,0
412.8,0,0,91,0
413.0,0,0,0,0
413.2,0,0,0,0
413.5,0,0,0,0
413.8,0,0,0,0
414.0,0,0,375,0
414.2,0,0,0,0
414.5,0,0,0,0
414.8,0,0,251,0
415.0,0,0,0,0
415.2,0,0,0,0
415.5,0,0,0,0
415.8,0,0,207,0
416.0,0,0,0,0
416.2,0,0,0,0
416.5,0,0,0,0
416.8,0,0,130,0
417.0,0,0,0,0
417.2,0,0,0,0
417.5,0,0,0,0
417.8,0,0,243,0
418.0,0,0,0,0
418.2,0,0,0,0
418.5,0,0,0,0
418.8,0,0,238,0
419.0,0,0,0,0
419.2,0,0,0,0
419.5,0,0,0,0
419.8,0,0,95,0
420.0,0,0,0,0
420.2,0,0,0,0
420.5,0,0,0,0
420.8,0,0,270,0
421.0,0,0,0,0
421.2,0,0,0,0
421.5,0,0,0,0
421.8,0,0,213,0
422.0,0,0,0,0
422.2,0,0,0,0
422.5,0,0,0,0
422.8,0,0,89,0
423.0,0,0,0,0
423.2,0,0,0,0
423.5,0,0,0,0
423.8,0,0,335,0
424.0,0,0,0,0
424.2,0,0,0,0
424.5,0,0,0,0
424.8,0,0,247,0
425.0,0,0,0,0
425.2,0,0,0,0
425.5,0,0,0,0
425.8,0,0,206,0
426.0,0,0,0,0
426.2,0,0,0,0
426.5,0,0,0,0
426.8,0,0,134,0
427.0,0,0,0,0
427.2,0,0,0,0
427.5,0,0,0,0
427.8,0,0,239,0
428.0,0,0,0,0
428.2,0,0,0,0
428.5,0,0,0,0
428.8,0,0,246,0
429.0,0,0,0,0
429.2,0,0,0,0
429.5,0,0,0,0
429.8,0,0,94,0
430.0,0,0,0,0
430.2,0,0,0,0
430.5,0,0,0,0
430.8,0,0,269,0
431.0,0,0,0,0
431.2,0,0,0,0
431.5,0,0,0,0
431.8,0,0,216,0
432.0,0,0,0,0
432.2,0,0,0,0
432.5,0,0,0,0
432.8,0,0,93,0
433.0,0,0,0,0
433.2,0,0,0,0
433.5,0,0,0,0
433.8,0,0,270,0
434.0,0,0,0,0
434.2,0,0,0,0
434.5,0,0,0,0
434.8,0,0,244,0
435.0,0,0,0,0
435.2,0,0,0,0
435.5,0,0,0,0
435.8,0,0,212,0
436.0,0,0,0,0
436.2,0,0,0,0
436.5,0,0,0,0
436.8,0,0,133,0
437.0,0,0,0,0
437.2,0,0,0,0
437.5,0,0,0,0
437.8,0,0,240,0
438.0,0,0,0,0
438.2,0,0,0,0
438.5,0,0,0,0
438.8,0,0,244,0
439.0,0,0,0,0
439.2,0,0,0,0
439.5,0,0,0,0
439.8,0,0,94,0
440.0,0,0,0,0
440.2,0,0,0,0
440.5,0,0,0,0
440.8,0,0,271,0
441.0,0,0,0,0
441.2,0,0,0,0
441.5,0,0,0,0
441.8,0,0,218,0
442.0,0,0,0,0
442.2,19,1,0,0
442.5,48,3,0,0
442.8,52,2,91,0
443.0,0,0,0,0
443.2,0,0,0,0
443.5,0,0,0,0
443.8,0,0,364,0
444.0,0,0,0,0
444.2,0,0,0,0
444.5,0,0,0,0
444.8,0,0,244,0
445.0,0,0,0,0
445.2,0,0,0,0
445.5,0,0,0,0
445.8,0,0,210,0
446.0,0,0,0,0
446.2,0,0,0,0
446.5,0,0,0,0
446.8,0,0,130,0
447.0,0,0,0,0
447.2,0,0,0,0
447.5,0,0,0,0
447.8,0,0,247,0
448.0,0,0,0,0
448.2,0,0,0,0
448.5,0,0,0,0
448.8,0,0,242,0
449.0,0,0,0,0
449.2,0,0,0,0
449.5,0,0,0,0
449.8,0,0,94,0
450.0,0,0,0,0
450.2,0,0,0,0
450.5,0,0,0,0
450.8,0,0,273,0
451.0,0,0,0,0
451.2,0,0,0,0
451.5,0,0,0,0
451.8,0,0,211,0
452.0,3509,1,0,1
452.2,3518,1,0,1
452.5,0,0,0,0
452.8,0,0,93,0
453.0,0,0,0,0
453.2,0,0,0,0
453.5,0,0,0,0
453.8,0,0,374,0
454.0,0,0,0,0
454.2,0,0,0,0
454.5,0,0,0,0
454.8,0,0,244,0
455.0,0,0,0,0
455.2,0,0,0,0
455.5,0,0,0,0
455.8,0,0,207,0
456.0,0,0,0,0
456.2,0,0,0,0
456.5,0,0,0,0
456.8,0,0,128,0
457.0,0,0,0,0
457.2,0,0,0,0
457.5,0,0,0,0
457.8,0,0,239,0
458.0,0,0,0,0
458.2,0,0,0,0
458.5,0,0,0,0
458.8,0,0,242,0
459.0,0,0,0,0
459.2,0,0,0,0
459.5,0,0,0,0
459.8,0,0,95,0
460.0,0,0,0,0
460.2,0,0,0,0
460.5,0,0,0,0
460.8,0,0,275,0
461.0,0,0,0,0
461.2,0,0,0,0
461.5,0,0,0,0
461.8,0,0,214,0
462.0,0,0,0,0
462.2,0,0,0,0
462.5,0,0,0,0
462.8,0,0,93,0
463.0,0,0,0,0
463.2,0,0,0,0
463.5,0,0,0,0
463.8,0,0,597,0
464.0,0,0,0,0
464.2,0,0,0,0
464.5,0,0,0,0
464.8,0,0,249,0
465.0,0,0,0,0
465.2,0,0,0,0
465.5,0,0,0,0
465.8,0,0,212,0
466.0,0,0,0,0
466.2,0,0,0,0
466.5,0,0,0,0
466.8,0,0,133,0
467.0,0,0,0,0
467.2,0,0,0,0
467.5,0,0,0,0
467.8,0,0,243,0
468.0,0,0,0,0
468.2,0,0,0,0
468.5,0,0,0,0
468.8,0,0,238,0
469.0,0,0,0,0
469.2,0,0,0,0
469.5,0,0,0,0
469.8,0,0,97,0
470.0,0,0,0,0
470.2,0,0,0,0
470.5,0,0,0,0
470.8,0,0,271,0
471.0,0,0,0,0
471.2,0,0,0,0
471.5,0,0,0,0
471.8,0,0,213,0
472.0,0,0,0,0
472.2,0,0,0,0
472.5,0,0,0,0
472.8,0,0,86,0
473.0,0,0,0,0
473.2,0,0,0,0
473.5,0,0,0,0
473.8,0,0,385,0
474.0,0,0,0,0
474.2,0,0,0,0
474.5,0,0,0,0
474.8,0,0,246,0
475.0,0,0,0,0
475.2,0,0,0,0
475.5,0,0,0,0
475.8,0,0,207,0
476.0,0,0,0,0
476.2,0,0,0,0
476.5,0,0,0,0
476.8,0,0,133,0
477.0,0,0,0,0
477.2,0,0,0,0
477.5,0,0,0,0
477.8,0,0,243,0
478.0,0,0,0,0
478.2,0,0,0,0
478.5,0,0,0,0
478.8,0,0,233,0
479.0,0,0,0,0
479.2,0,0,0,0
479.5,0,0,0,0
479.8,0,0,87,0
480.0,0,0,0,0
480.2,0,0,0,0
480.5,0,0,0,0
480.8,0,0,276,0
481.0,0,0,0,0
481.2,0,0,0,0
481.5,0,0,0,0
481.8,0,0,213,0
482.0,0,0,0,0
482.2,0,0,0,0
482.5,0,0,0,0
482.8,0,0,89,0
483.0,0,0,0,0
483.2,0,0,0,0
483.5,0,0,0,0
483.8,0,0,330,0
484.0,0,0,0,0
484.2,0,0,0,0
484.5,0,0,0,0
484.8,0,0,248,0
485.0,0,0,0,0
485.2,0,0,0,0
485.5,0,0,0,0
485.8,0,0,206,0
486.0,0,0,0,0
486.2,0,0,0,0
486.5,0,0,0,0
486.8,0,0,130,0
487.0,0,0,0,0
487.2,0,0,0,0
487.5,0,0,0,0
487.8,0,0,242,0
488.0,0,0,0,0
488.2,0,0,0,0
488.5,0,0,0,0
488.8,0,0,242,0
489.0,0,0,0,0
489.2,0,0,0,0
489.5,0,0,0,0
489.8,0,0,94,0
490.0,0,0,0,0
490.2,0,0,0,0
490.5,0,0,0,0
490.8,0,0,274,0
491.0,0,0,0,0
491.2,0,0,0,0
491.5,0,0,0,0
491.8,0,0,215,0
492.0,0,0,0,0
492.2,0,0,0,0
492.5,0,0,0,0
492.8,0,0,93,0
493.0,0,0,0,0
493.2,0,0,0,0
493.5,0,0,0,0
493.8,0,0,262,0
494.0,0,0,0,0
494.2,0,0,0,0
494.5,0,0,0,0
494.8,0,0,251,0
495.0,0,0,0,0
495.2,0,0,0,0
495.5,0,0,0,0
495.8,0,0,212,0
496.0,0,0,0,0
496.2,0,0,0,0
496.5,0,0,0,0
496.8,0,0,129,0
497.0,0,0,0,0
497.2,0,0,0,0
497.5,0,0,0,0
497.8,0,0,242,0
498.0,0,0,0,0
498.2,0,0,0,0
498.5,0,0,0,0
498.8,0,0,237,0
499.0,0,0,0,0
499.2,0,0,0,0
499.5,0,0,0,0
499.8,0,0,92,0
500.0,0,0,0,0
500.2,0,0,0,0
500.5,0,0,0,0
500.8,0,0,276,0
501.0,0,0,0,0
501.2,0,0,0,0
501.5,0,0,0,0
501.8,0,0,210,0
502.0,0,0,0,0
502.2,0,0,0,0
502.5,0,0,0,0
502.8,0,0,93,0
503.0,0,0,0,0
503.2,0,0,0,0
503.5,0,0,0,0
503.8,0,0,366,0
504.0,0,0,0,0
504.2,0,0,0,0
504.5,0,0,0,0
504.8,0,0,250,0
505.0,0,0,0,0
505.2,0,0,0,0
505.5,0,0,0,0
505.8,0,0,207,0
506.0,0,0,0,0
506.2,0,0,0,0
506.5,0,0,0,0
506.8,0,0,135,0
507.0,0,0,0,0
507.2,0,0,0,0
507.5,0,0,0,0
507.8,0,0,243,0
508.0,0,0,0,0
508.2,0,0,0,0
508.5,0,0,0,0
508.8,0,0,234,0
509.0,0,0,0,0
509.2,0,0,0,0
509.5,0,0,0,0
509.8,0,0,94,0
510.0,0,0,0,0
510.2,0,0,0,0
510.5,0,0,0,0
510.8,0,0,273,0
511.0,0,0,0,0
511.2,0,0,0,0
511.5,0,0,0,0
511.8,0,0,209,0
512.0,0,0,0,0
512.2,0,0,0,0
512.5,0,0,0,0
512.8,0,0,92,0
513.0,0,0,0,0
513.2,0,0,0,0
513.5,0,0,0,0
513.8,0,0,370,0
514.0,0,0,0,0
514.2,0,0,0,0
514.5,0,0,0,0
514.8,0,0,248,0
515.0,0,0,0,0
515.2,0,0,0,0
515.5,0,0,0,0
515.8,0,0,212,0
516.0,0,0,0,0
516.2,0,0,0,0
516.5,0,0,0,0
516.8,0,0,134,0
517.0,0,0,0,0
517.2,0,0,0,0
517.5,0,0,0,0
517.8,0,0,245,0
518.0,0,0,0,0
518.2,0,0,0,0
518.5,0,0,0,0
518.8,0,0,235,0
519.0,0,0,0,0
519.2,0,0,0,0
519.5,0,0,0,0
519.8,0,0,94,0
520.0,0,0,0,0
520.2,0,0,0,0
520.5,0,0,0,0
520.8,0,0,274,0
521.0,0,0,0,0
521.2,0,0,0,0
521.5,0,0,0,0
521.8,0,0,211,0
522.0,0,0,0,0
522.2,0,0,0,0
522.5,0,0,0,0
522.8,0,0,86,0
523.0,0,0,0,0
523.2,0,0,0,0
523.5,0,0,0,0
523.8,0,0,540,0
524.0,0,0,0,0
524.2,0,0,0,0
524.5,0,0,0,0
524.8,0,0,248,0
525.0,0,0,0,0
525.2,0,0,0,0
525.5,0,0,0,0
525.8,0,0,214,0
526.0,0,0,0,0
526.2,0,0,0,0
526.5,0,0,0,0
526.8,0,0,136,0
527.0,0,0,0,0
527.2,0,0,0,0
527.5,0,0,0,0
527.8,0,0,245,0
528.0,0,0,0,0
528.2,0,0,0,0
528.5,0,0,0,0
528.8,0,0,0,0
529.0,0,0,239,0
529.2,0,0,0,0
529.5,0,0,0,0
529.8,0,0,94,0
530.0,0,0,0,0
530.2,0,0,0,0
530.5,0,0,0,0
530.8,0,0,270,0
531.0,0,0,0,0
531.2,0,0,0,0
531.5,0,0,0,0
531.8,0,0,215,0
532.0,0,0,0,0
532.2,0,0,0,0
532.5,0,0,0,0
532.8,0,0,91,0
533.0,0,0,0,0
533.2,0,0,0,0
533.5,0,0,0,0
533.8,0,0,383,0
534.0,0,0,0,0
534.2,0,0,0,0
534.5,0,0,0,0
534.8,0,0,255,0
535.0,0,0,0,0
535.2,0,0,0,0
535.5,0,0,0,0
535.8,0,0,212,0
536.0,0,0,0,0
536.2,0,0,0,0
536.5,0,0,0,0
536.8,0,0,134,0
537.0,0,0,0,0
537.2,0,0,0,0
537.5,0,0,0,0
537.8,0,0,244,0
538.0,0,0,0,0
538.2,0,0,0,0
538.5,0,0,0,0
538.8,0,0,244,0
539.0,0,0,0,0
539.2,0,0,0,0
539.5,0,0,0,0
539.8,0,0,94,0
540.0,0,0,0,0
540.2,0,0,0,0
540.5,0,0,0,0
540.8,0,0,266,0
541.0,0,0,0,0
541.2,0,0,0,0
541.5,0,0,0,0
541.8,0,0,217,0
542.0,0,0,0,0
542.2,0,0,0,0
542.5,0,0,0,0
542.8,0,0,57,0
543.0,0,0,44,0
543.2,0,0,0,0
543.5,0,0,0,0
543.8,0,0,343,0
544.0,0,0,0,0
544.2,0,0,0,0
544.5,0,0,0,0
544.8,0,0,247,0
545.0,0,0,0,0
545.2,0,0,0,0
545.5,0,0,0,0
545.8,0,0,205,0
546.0,0,0,0,0
546.2,0,0,0,0
546.5,0,0,0,0
546.8,0,0,135,0
547.0,0,0,0,0
547.2,0,0,0,0
547.5,0,0,0,0
547.8,0,0,0,0
548.0,0,0,240,0
548.2,0,0,0,0
548.5,0,0,0,0
548.8,0,0,239,0
549.0,0,0,0,0
549.2,0,0,0,0
549.5,0,0,0,0
549.8,0,0,95,0
550.0,0,0,0,0
550.2,0,0,0,0
550.5,0,0,0,0
550.8,0,0,274,0
551.0,0,0,0,0
551.2,0,0,0,0
551.5,0,0,0,0
551.8,0,0,216,0
552.0,0,0,0,0
552.2,0,0,0,0
552.5,0,0,0,0
552.8,0,0,93,0
553.0,0,0,0,0
553.2,0,0,0,0
553.5,0,0,0,0
553.8,0,0,264,0
554.0,0,0,0,0
554.2,0,0,0,0
554.5,0,0,0,0
554.8,0,0,243,0
555.0,0,0,0,0
555.2,0,0,0,0
555.5,0,0,0,0
555.8,0,0,211,0
556.0,0,0,0,0
556.2,0,0,0,0
556.5,0,0,0,0
556.8,0,0,133,0
557.0,0,0,0,0
557.2,0,0,0,0
557.5,0,0,0,0
557.8,0,0,235,0
558.0,0,0,0,0
558.2,0,0,0,0
558.5,0,0,0,0
558.8,0,0,242,0
559.0,0,0,0,0
559.2,0,0,0,0
559.5,0,0,0,0
559.8,0,0,94,0
560.0,0,0,0,0
560.2,0,0,0,0
560.5,0,0,0,0
560.8,0,0,277,0
561.0,0,0,0,0
561.2,0,0,0,0
561.5,0,0,0,0
561.8,0,0,217,0
562.0,0,0,0,0
562.2,0,0,0,0
562.5,0,0,0,0
562.8,0,0,93,0
563.0,0,0,0,0
563.2,0,0,0,0
563.5,0,0,0,0
563.8,0,0,375,0
564.0,0,0,0,0
564.2,0,0,0,0
564.5,0,0,0,0
564.8,0,0,243,0
565.0,0,0,0,0
565.2,0,0,0,0
565.5,0,0,0,0
565.8,0,0,212,0
566.0,0,0,0,0
566.2,0,0,0,0
566.5,0,0,0,0
566.8,0,0,132,0
567.0,0,0,0,0
567.2,0,0,0,0
567.5,0,0,0,0
567.8,0,0,245,0
568.0,0,0,0,0
568.2,0,0,0,0
568.5,0,0,0,0
568.8,0,0,244,0
569.0,0,0,0,0
569.2,0,0,0,0
569.5,0,0,0,0
569.8,0,0,95,0
570.0,0,0,0,0
570.2,0,0,0,0
570.5,0,0,0,0
570.8,0,0,273,0
571.0,0,0,0,0
571.2,0,0,0,0
571.5,0,0,0,0
571.8,0,0,213,0
572.0,0,0,0,0
572.2,0,0,0,0
572.5,0,0,0,0
572.8,0,0,89,0
573.0,0,0,0,0
573.2,0,0,0,0
573.5,0,0,0,0
573.8,0,0,369,0
574.0,0,0,0,0
574.2,0,0,0,0
574.5,0,0,0,0
574.8,0,0,249,0
575.0,0,0,0,0
575.2,0,0,0,0
575.5,0,0,0,0
575.8,0,0,212,0
576.0,0,0,0,0
576.2,0,0,0,0
576.5,0,0,695,0
576.8,0,0,826,0
577.0,0,0,0,0
577.2,0,0,0,0
577.5,0,0,0,0
577.8,0,0,245,0
578.0,0,0,0,0
578.2,0,0,0,0
578.5,0,0,0,0
578.8,0,0,237,0
579.0,0,0,0,0
579.2,0,0,0,0
579.5,0,0,0,0
579.8,0,0,92,0
580.0,0,0,0,0
580.2,0,0,0,0
580.5,0,0,0,0
580.8,0,0,274,0
581.0,0,0,0,0
581.2,0,0,0,0
581.5,0,0,0,0
581.8,0,0,214,0
582.0,0,0,0,0
582.2,0,0,0,0
582.5,0,0,0,0
582.8,0,0,93,0
583.0,0,0,0,0
583.2,0,0,0,0
583.5,0,0,0,0
583.8,0,0,418,0
584.0,0,0,0,0
584.2,0,0,0,0
584.5,0,0,0,0
584.8,0,0,246,0
585.0,0,0,0,0
585.2,0,0,0,0
585.5,0,0,0,0
585.8,0,0,210,0
586.0,0,0,0,0
586.2,0,0,0,0
586.5,0,0,0,0
586.8,0,0,134,0
587.0,0,0,0,0
587.2,0,0,0,0
587.5,0,0,0,0
587.8,0,0,244,0
588.0,0,0,0,0
588.2,0,0,0,0
588.5,0,0,0,0
588.8,0,0,249,0
589.0,0,0,0,0
589.2,0,0,0,0
589.5,0,0,0,0
589.8,0,0,94,0
590.0,0,0,0,0
590.2,0,0,0,0
590.5,0,0,0,0
590.8,0,0,274,0
591.0,0,0,0,0
591.2,0,0,0,0
591.5,0,0,0,0
591.8,0,0,218,0
592.0,0,0,0,0
592.2,0,0,0,0
592.5,0,0,0,0
592.8,0,0,91,0
593.0,0,0,0,0
593.2,0,0,0,0
593.5,0,0,0,0
593.8,0,0,382,0
594.0,0,0,0,0
594.2,0,0,0,0
594.5,0,0,0,0
594.8,0,0,250,0
595.0,0,0,0,0
595.2,0,0,0,0
595.5,0,0,0,0
595.8,0,0,203,0
596.0,0,0,8,0
596.2,0,0,0,0
596.5,0,0,0,0
596.8,0,0,134,0
597.0,0,0,0,0
597.2,0,0,0,0
597.5,0,0,0,0
597.8,0,0,201,0
598.0,0,0,54,0
598.2,0,0,0,0
598.5,0,0,0,0
598.8,0,0,128,0
599.0,0,0,115,0
599.2,0,0,0,0
599.5,0,0,0,0
599.8,0,0,44,0
600.0,0,0,51,0
